<?xml version="1.0"?><bsbm>
  <querymix>
     <scalefactor>10000</scalefactor>
     <warmups>5</warmups>
     <seed>9834533</seed>
     <querymixruns>10</querymixruns>
     <minquerymixruntime>0.3727</minquerymixruntime>
     <maxquerymixruntime>0.6651</maxquerymixruntime>
     <totalruntime>5.300</totalruntime>
     <qmph>6791.86</qmph>
     <cqet>0.53005</cqet>
     <cqetg>0.52242</cqetg>
  </querymix>
  <queries>
    <query nr="1">
      <executecount>10</executecount>
      <aqet>0.003254</aqet>
      <aqetg>0.003159</aqetg>
      <qps>307.34</qps>
      <minqet>0.00187716</minqet>
      <maxqet>0.00425495</maxqet>
      <avgresults>1.30</avgresults>
      <minresults>0</minresults>
      <maxresults>5</maxresults>
      <timeoutcount>0</timeoutcount>
    </query>
    <query nr="2">
      <executecount>60</executecount>
      <aqet>0.008843</aqet>
      <aqetg>0.005481</aqetg>
      <qps>113.08</qps>
      <minqet>0.00232060</minqet>
      <maxqet>0.04895348</maxqet>
      <avgresults>21.00</avgresults>
      <minresults>9</minresults>
      <maxresults>36</maxresults>
      <timeoutcount>0</timeoutcount>
    </query>
    <query nr="3">
      <executecount>10</executecount>
      <aqet>0.007118</aqet>
      <aqetg>0.003873</aqetg>
      <qps>140.50</qps>
      <minqet>0.00196657</minqet>
      <maxqet>0.04360535</maxqet>
      <avgresults>0.80</avgresults>
      <minresults>0</minresults>
      <maxresults>3</maxresults>
      <timeoutcount>0</timeoutcount>
    </query>
    <query nr="4">
      <executecount>10</executecount>
      <aqet>0.007926</aqet>
      <aqetg>0.004693</aqetg>
      <qps>126.17</qps>
      <minqet>0.00235139</minqet>
      <maxqet>0.04458033</maxqet>
      <avgresults>0.90</avgresults>
      <minresults>0</minresults>
      <maxresults>6</maxresults>
      <timeoutcount>0</timeoutcount>
    </query>
    <query nr="5">
      <executecount>20</executecount>
      <aqet>0.190641</aqet>
      <aqetg>0.171210</aqetg>
      <qps>5.25</qps>
      <minqet>0.02758092</minqet>
      <maxqet>0.31774797</maxqet>
      <avgresults>4.85</avgresults>
      <minresults>2</minresults>
      <maxresults>5</maxresults>
      <timeoutcount>0</timeoutcount>
    </query>
    <query nr="6">
      <executecount>0</executecount>
      <aqet>0.0</aqet>
    </query>
    <query nr="7">
      <executecount>40</executecount>
      <aqet>0.010363</aqet>
      <aqetg>0.006876</aqetg>
      <qps>96.49</qps>
      <minqet>0.00299806</minqet>
      <maxqet>0.05559896</maxqet>
      <avgresults>15.28</avgresults>
      <minresults>1</minresults>
      <maxresults>76</maxresults>
      <timeoutcount>0</timeoutcount>
    </query>
    <query nr="8">
      <executecount>20</executecount>
      <aqet>0.006025</aqet>
      <aqetg>0.003888</aqetg>
      <qps>165.99</qps>
      <minqet>0.00216834</minqet>
      <maxqet>0.05181685</maxqet>
      <avgresults>3.95</avgresults>
      <minresults>0</minresults>
      <maxresults>10</maxresults>
      <timeoutcount>0</timeoutcount>
    </query>
    <query nr="9">
      <executecount>40</executecount>
      <aqet>0.001008</aqet>
      <aqetg>0.000981</aqetg>
      <qps>992.14</qps>
      <minqet>0.00064971</minqet>
      <maxqet>0.00140373</maxqet>
      <avgresults>908.20</avgresults>
      <minresults>898</minresults>
      <maxresults>914</maxresults>
      <timeoutcount>0</timeoutcount>
    </query>
    <query nr="10">
      <executecount>20</executecount>
      <aqet>0.008139</aqet>
      <aqetg>0.004498</aqetg>
      <qps>122.86</qps>
      <minqet>0.00175851</minqet>
      <maxqet>0.04835813</maxqet>
      <avgresults>2.05</avgresults>
      <minresults>0</minresults>
      <maxresults>7</maxresults>
      <timeoutcount>0</timeoutcount>
    </query>
    <query nr="11">
      <executecount>10</executecount>
      <aqet>0.001790</aqet>
      <aqetg>0.001769</aqetg>
      <qps>558.53</qps>
      <minqet>0.00133757</minqet>
      <maxqet>0.00217323</maxqet>
      <avgresults>10.00</avgresults>
      <minresults>10</minresults>
      <maxresults>10</maxresults>
      <timeoutcount>0</timeoutcount>
    </query>
    <query nr="12">
      <executecount>10</executecount>
      <aqet>0.001804</aqet>
      <aqetg>0.001772</aqetg>
      <qps>554.40</qps>
      <minqet>0.00112299</minqet>
      <maxqet>0.00216825</maxqet>
      <avgresults>1527.00</avgresults>
      <minresults>1499</minresults>
      <maxresults>1546</maxresults>
      <timeoutcount>0</timeoutcount>
    </query>
  </queries>
</bsbm>
