<?xml version="1.0"?><bsbm>
  <querymix>
     <scalefactor>10000</scalefactor>
     <warmups>5</warmups>
     <seed>9834533</seed>
     <querymixruns>10</querymixruns>
     <minquerymixruntime>0.4100</minquerymixruntime>
     <maxquerymixruntime>0.6635</maxquerymixruntime>
     <totalruntime>4.912</totalruntime>
     <qmph>7328.94</qmph>
     <cqet>0.49120</cqet>
     <cqetg>0.48604</cqetg>
  </querymix>
  <queries>
    <query nr="1">
      <executecount>10</executecount>
      <aqet>0.030324</aqet>
      <aqetg>0.017616</aqetg>
      <qps>32.98</qps>
      <minqet>0.00593994</minqet>
      <maxqet>0.06716888</maxqet>
      <avgresults>0.00</avgresults>
      <minresults>0</minresults>
      <maxresults>0</maxresults>
      <timeoutcount>0</timeoutcount>
    </query>
    <query nr="2">
      <executecount>60</executecount>
      <aqet>0.020452</aqet>
      <aqetg>0.013515</aqetg>
      <qps>48.89</qps>
      <minqet>0.00512671</minqet>
      <maxqet>0.07700099</maxqet>
      <avgresults>0.00</avgresults>
      <minresults>0</minresults>
      <maxresults>0</maxresults>
      <timeoutcount>0</timeoutcount>
    </query>
    <query nr="3">
      <executecount>10</executecount>
      <aqet>0.018938</aqet>
      <aqetg>0.011795</aqetg>
      <qps>52.80</qps>
      <minqet>0.00450446</minqet>
      <maxqet>0.06399788</maxqet>
      <avgresults>0.00</avgresults>
      <minresults>0</minresults>
      <maxresults>0</maxresults>
      <timeoutcount>0</timeoutcount>
    </query>
    <query nr="4">
      <executecount>10</executecount>
      <aqet>0.037582</aqet>
      <aqetg>0.026830</aqetg>
      <qps>26.61</qps>
      <minqet>0.00892846</minqet>
      <maxqet>0.06670777</maxqet>
      <avgresults>0.00</avgresults>
      <minresults>0</minresults>
      <maxresults>0</maxresults>
      <timeoutcount>0</timeoutcount>
    </query>
    <query nr="5">
      <executecount>20</executecount>
      <aqet>0.011024</aqet>
      <aqetg>0.009021</aqetg>
      <qps>90.71</qps>
      <minqet>0.00479418</minqet>
      <maxqet>0.06106938</maxqet>
      <avgresults>0.00</avgresults>
      <minresults>0</minresults>
      <maxresults>0</maxresults>
      <timeoutcount>0</timeoutcount>
    </query>
    <query nr="6">
      <executecount>0</executecount>
      <aqet>0.0</aqet>
    </query>
    <query nr="7">
      <executecount>40</executecount>
      <aqet>0.022515</aqet>
      <aqetg>0.013979</aqetg>
      <qps>44.41</qps>
      <minqet>0.00468023</minqet>
      <maxqet>0.07320200</maxqet>
      <avgresults>0.00</avgresults>
      <minresults>0</minresults>
      <maxresults>0</maxresults>
      <timeoutcount>0</timeoutcount>
    </query>
    <query nr="8">
      <executecount>20</executecount>
      <aqet>0.020985</aqet>
      <aqetg>0.012312</aqetg>
      <qps>47.65</qps>
      <minqet>0.00555539</minqet>
      <maxqet>0.09544356</maxqet>
      <avgresults>0.00</avgresults>
      <minresults>0</minresults>
      <maxresults>0</maxresults>
      <timeoutcount>0</timeoutcount>
    </query>
    <query nr="9">
      <executecount>40</executecount>
      <aqet>0.016085</aqet>
      <aqetg>0.008252</aqetg>
      <qps>62.17</qps>
      <minqet>0.00319825</minqet>
      <maxqet>0.06461113</maxqet>
      <avgresults>452.00</avgresults>
      <minresults>452</minresults>
      <maxresults>452</maxresults>
      <timeoutcount>0</timeoutcount>
    </query>
    <query nr="10">
      <executecount>20</executecount>
      <aqet>0.018863</aqet>
      <aqetg>0.011132</aqetg>
      <qps>53.01</qps>
      <minqet>0.00455476</minqet>
      <maxqet>0.06865789</maxqet>
      <avgresults>0.00</avgresults>
      <minresults>0</minresults>
      <maxresults>0</maxresults>
      <timeoutcount>0</timeoutcount>
    </query>
    <query nr="11">
      <executecount>10</executecount>
      <aqet>0.012663</aqet>
      <aqetg>0.007944</aqetg>
      <qps>78.97</qps>
      <minqet>0.00467498</minqet>
      <maxqet>0.06869470</maxqet>
      <avgresults>0.00</avgresults>
      <minresults>0</minresults>
      <maxresults>0</maxresults>
      <timeoutcount>0</timeoutcount>
    </query>
    <query nr="12">
      <executecount>10</executecount>
      <aqet>0.012842</aqet>
      <aqetg>0.009204</aqetg>
      <qps>77.87</qps>
      <minqet>0.00494605</minqet>
      <maxqet>0.05972512</maxqet>
      <avgresults>698.00</avgresults>
      <minresults>698</minresults>
      <maxresults>698</maxresults>
      <timeoutcount>0</timeoutcount>
    </query>
  </queries>
</bsbm>
