<?xml version="1.0"?><bsbm>
  <querymix>
     <scalefactor>10000</scalefactor>
     <warmups>5</warmups>
     <seed>9834533</seed>
     <querymixruns>10</querymixruns>
     <minquerymixruntime>5.1602</minquerymixruntime>
     <maxquerymixruntime>10.2331</maxquerymixruntime>
     <totalruntime>76.521</totalruntime>
     <qmph>470.46</qmph>
     <cqet>7.65207</cqet>
     <cqetg>7.50152</cqetg>
  </querymix>
  <queries>
    <query nr="1">
      <executecount>10</executecount>
      <aqet>0.009576</aqet>
      <aqetg>0.008932</aqetg>
      <qps>104.42</qps>
      <minqet>0.00534610</minqet>
      <maxqet>0.01560861</maxqet>
      <avgresults>1.30</avgresults>
      <minresults>0</minresults>
      <maxresults>5</maxresults>
      <timeoutcount>0</timeoutcount>
    </query>
    <query nr="2">
      <executecount>60</executecount>
      <aqet>0.038113</aqet>
      <aqetg>0.034816</aqetg>
      <qps>26.24</qps>
      <minqet>0.02051397</minqet>
      <maxqet>0.08493155</maxqet>
      <avgresults>21.00</avgresults>
      <minresults>9</minresults>
      <maxresults>36</maxresults>
      <timeoutcount>0</timeoutcount>
    </query>
    <query nr="3">
      <executecount>10</executecount>
      <aqet>0.028394</aqet>
      <aqetg>0.023730</aqetg>
      <qps>35.22</qps>
      <minqet>0.01080939</minqet>
      <maxqet>0.05408831</maxqet>
      <avgresults>0.80</avgresults>
      <minresults>0</minresults>
      <maxresults>3</maxresults>
      <timeoutcount>0</timeoutcount>
    </query>
    <query nr="4">
      <executecount>10</executecount>
      <aqet>0.029328</aqet>
      <aqetg>0.023629</aqetg>
      <qps>34.10</qps>
      <minqet>0.01033436</minqet>
      <maxqet>0.09903769</maxqet>
      <avgresults>0.90</avgresults>
      <minresults>0</minresults>
      <maxresults>6</maxresults>
      <timeoutcount>0</timeoutcount>
    </query>
    <query nr="5">
      <executecount>20</executecount>
      <aqet>3.394262</aqet>
      <aqetg>3.000107</aqetg>
      <qps>0.29</qps>
      <minqet>0.75207740</minqet>
      <maxqet>6.28982492</maxqet>
      <avgresults>4.85</avgresults>
      <minresults>2</minresults>
      <maxresults>5</maxresults>
      <timeoutcount>0</timeoutcount>
    </query>
    <query nr="6">
      <executecount>0</executecount>
      <aqet>0.0</aqet>
    </query>
    <query nr="7">
      <executecount>40</executecount>
      <aqet>0.079421</aqet>
      <aqetg>0.066173</aqetg>
      <qps>12.59</qps>
      <minqet>0.01494483</minqet>
      <maxqet>0.19427188</maxqet>
      <avgresults>13.55</avgresults>
      <minresults>0</minresults>
      <maxresults>76</maxresults>
      <timeoutcount>0</timeoutcount>
    </query>
    <query nr="8">
      <executecount>20</executecount>
      <aqet>0.055745</aqet>
      <aqetg>0.042766</aqetg>
      <qps>17.94</qps>
      <minqet>0.00922458</minqet>
      <maxqet>0.10657151</maxqet>
      <avgresults>3.95</avgresults>
      <minresults>0</minresults>
      <maxresults>10</maxresults>
      <timeoutcount>0</timeoutcount>
    </query>
    <query nr="9">
      <executecount>40</executecount>
      <aqet>0.004148</aqet>
      <aqetg>0.003413</aqetg>
      <qps>241.08</qps>
      <minqet>0.00278811</minqet>
      <maxqet>0.04016818</maxqet>
      <avgresults>630.20</avgresults>
      <minresults>620</minresults>
      <maxresults>636</maxresults>
      <timeoutcount>0</timeoutcount>
    </query>
    <query nr="10">
      <executecount>20</executecount>
      <aqet>0.051662</aqet>
      <aqetg>0.044207</aqetg>
      <qps>19.36</qps>
      <minqet>0.01132017</minqet>
      <maxqet>0.09641292</maxqet>
      <avgresults>2.05</avgresults>
      <minresults>0</minresults>
      <maxresults>7</maxresults>
      <timeoutcount>0</timeoutcount>
    </query>
    <query nr="11">
      <executecount>10</executecount>
      <aqet>0.006328</aqet>
      <aqetg>0.004624</aqetg>
      <qps>158.03</qps>
      <minqet>0.00302358</minqet>
      <maxqet>0.02905886</maxqet>
      <avgresults>10.00</avgresults>
      <minresults>10</minresults>
      <maxresults>10</maxresults>
      <timeoutcount>0</timeoutcount>
    </query>
    <query nr="12">
      <executecount>10</executecount>
      <aqet>0.012148</aqet>
      <aqetg>0.010733</aqetg>
      <qps>82.32</qps>
      <minqet>0.00850173</minqet>
      <maxqet>0.03669276</maxqet>
      <avgresults>1142.00</avgresults>
      <minresults>1114</minresults>
      <maxresults>1161</maxresults>
      <timeoutcount>0</timeoutcount>
    </query>
  </queries>
</bsbm>
