<?xml version="1.0"?><bsbm>
  <querymix>
     <scalefactor>10000</scalefactor>
     <warmups>5</warmups>
     <seed>9834533</seed>
     <querymixruns>10</querymixruns>
     <minquerymixruntime>11.5635</minquerymixruntime>
     <maxquerymixruntime>20.2459</maxquerymixruntime>
     <totalruntime>152.860</totalruntime>
     <qmph>235.51</qmph>
     <cqet>15.28601</cqet>
     <cqetg>15.08190</cqetg>
  </querymix>
  <queries>
    <query nr="1">
      <executecount>10</executecount>
      <aqet>0.108063</aqet>
      <aqetg>0.057824</aqetg>
      <qps>9.25</qps>
      <minqet>0.01193983</minqet>
      <maxqet>0.49959549</maxqet>
      <avgresults>1.30</avgresults>
      <minresults>0</minresults>
      <maxresults>5</maxresults>
      <timeoutcount>0</timeoutcount>
    </query>
    <query nr="2">
      <executecount>60</executecount>
      <aqet>0.158409</aqet>
      <aqetg>0.148854</aqetg>
      <qps>6.31</qps>
      <minqet>0.07770276</minqet>
      <maxqet>0.42874211</maxqet>
      <avgresults>21.00</avgresults>
      <minresults>9</minresults>
      <maxresults>36</maxresults>
      <timeoutcount>0</timeoutcount>
    </query>
    <query nr="3">
      <executecount>10</executecount>
      <aqet>0.263705</aqet>
      <aqetg>0.112066</aqetg>
      <qps>3.79</qps>
      <minqet>0.03180673</minqet>
      <maxqet>1.59274694</maxqet>
      <avgresults>0.80</avgresults>
      <minresults>0</minresults>
      <maxresults>3</maxresults>
      <timeoutcount>0</timeoutcount>
    </query>
    <query nr="4">
      <executecount>10</executecount>
      <aqet>0.161792</aqet>
      <aqetg>0.141240</aqetg>
      <qps>6.18</qps>
      <minqet>0.07056545</minqet>
      <maxqet>0.36162747</maxqet>
      <avgresults>0.90</avgresults>
      <minresults>0</minresults>
      <maxresults>6</maxresults>
      <timeoutcount>0</timeoutcount>
    </query>
    <query nr="5">
      <executecount>20</executecount>
      <aqet>6.231529</aqet>
      <aqetg>5.603074</aqetg>
      <qps>0.16</qps>
      <minqet>1.82041889</minqet>
      <maxqet>12.54329262</maxqet>
      <avgresults>4.85</avgresults>
      <minresults>2</minresults>
      <maxresults>5</maxresults>
      <timeoutcount>0</timeoutcount>
    </query>
    <query nr="6">
      <executecount>0</executecount>
      <aqet>0.0</aqet>
    </query>
    <query nr="7">
      <executecount>40</executecount>
      <aqet>0.212795</aqet>
      <aqetg>0.184028</aqetg>
      <qps>4.70</qps>
      <minqet>0.03178780</minqet>
      <maxqet>0.54448547</maxqet>
      <avgresults>13.55</avgresults>
      <minresults>0</minresults>
      <maxresults>76</maxresults>
      <timeoutcount>0</timeoutcount>
    </query>
    <query nr="8">
      <executecount>20</executecount>
      <aqet>0.078375</aqet>
      <aqetg>0.058950</aqetg>
      <qps>12.76</qps>
      <minqet>0.01123305</minqet>
      <maxqet>0.18663597</maxqet>
      <avgresults>3.95</avgresults>
      <minresults>0</minresults>
      <maxresults>10</maxresults>
      <timeoutcount>0</timeoutcount>
    </query>
    <query nr="9">
      <executecount>40</executecount>
      <aqet>0.005494</aqet>
      <aqetg>0.004615</aqetg>
      <qps>182.02</qps>
      <minqet>0.00339332</minqet>
      <maxqet>0.04337264</maxqet>
      <avgresults>630.20</avgresults>
      <minresults>620</minresults>
      <maxresults>636</maxresults>
      <timeoutcount>0</timeoutcount>
    </query>
    <query nr="10">
      <executecount>20</executecount>
      <aqet>0.133688</aqet>
      <aqetg>0.102307</aqetg>
      <qps>7.48</qps>
      <minqet>0.02333802</minqet>
      <maxqet>0.27796610</maxqet>
      <avgresults>2.05</avgresults>
      <minresults>0</minresults>
      <maxresults>7</maxresults>
      <timeoutcount>0</timeoutcount>
    </query>
    <query nr="11">
      <executecount>10</executecount>
      <aqet>0.016051</aqet>
      <aqetg>0.007968</aqetg>
      <qps>62.30</qps>
      <minqet>0.00411936</minqet>
      <maxqet>0.07218019</maxqet>
      <avgresults>10.00</avgresults>
      <minresults>10</minresults>
      <maxresults>10</maxresults>
      <timeoutcount>0</timeoutcount>
    </query>
    <query nr="12">
      <executecount>10</executecount>
      <aqet>0.025605</aqet>
      <aqetg>0.019811</aqetg>
      <qps>39.06</qps>
      <minqet>0.01110266</minqet>
      <maxqet>0.06721191</maxqet>
      <avgresults>1142.00</avgresults>
      <minresults>1114</minresults>
      <maxresults>1161</maxresults>
      <timeoutcount>0</timeoutcount>
    </query>
  </queries>
</bsbm>
