<?xml version="1.0"?><bsbm>
  <querymix>
     <scalefactor>100000</scalefactor>
     <warmups>5</warmups>
     <seed>9834533</seed>
     <querymixruns>10</querymixruns>
     <minquerymixruntime>20.8919</minquerymixruntime>
     <maxquerymixruntime>57.5765</maxquerymixruntime>
     <totalruntime>372.998</totalruntime>
     <qmph>96.52</qmph>
     <cqet>37.29981</cqet>
     <cqetg>36.05654</cqetg>
  </querymix>
  <queries>
    <query nr="1">
      <executecount>10</executecount>
      <aqet>0.021403</aqet>
      <aqetg>0.015951</aqetg>
      <qps>46.72</qps>
      <minqet>0.00647203</minqet>
      <maxqet>0.05782663</maxqet>
      <avgresults>2.00</avgresults>
      <minresults>0</minresults>
      <maxresults>5</maxresults>
      <timeoutcount>0</timeoutcount>
    </query>
    <query nr="2">
      <executecount>60</executecount>
      <aqet>0.039045</aqet>
      <aqetg>0.035376</aqetg>
      <qps>25.61</qps>
      <minqet>0.01986599</minqet>
      <maxqet>0.08631915</maxqet>
      <avgresults>19.98</avgresults>
      <minresults>11</minresults>
      <maxresults>30</maxresults>
      <timeoutcount>0</timeoutcount>
    </query>
    <query nr="3">
      <executecount>10</executecount>
      <aqet>0.476040</aqet>
      <aqetg>0.157132</aqetg>
      <qps>2.10</qps>
      <minqet>0.01102172</minqet>
      <maxqet>1.27907444</maxqet>
      <avgresults>2.20</avgresults>
      <minresults>0</minresults>
      <maxresults>8</maxresults>
      <timeoutcount>0</timeoutcount>
    </query>
    <query nr="4">
      <executecount>10</executecount>
      <aqet>0.045614</aqet>
      <aqetg>0.039326</aqetg>
      <qps>21.92</qps>
      <minqet>0.01303704</minqet>
      <maxqet>0.07695872</maxqet>
      <avgresults>1.50</avgresults>
      <minresults>0</minresults>
      <maxresults>5</maxresults>
      <timeoutcount>0</timeoutcount>
    </query>
    <query nr="5">
      <executecount>20</executecount>
      <aqet>17.999946</aqet>
      <aqetg>15.658953</aqetg>
      <qps>0.06</qps>
      <minqet>4.09378502</minqet>
      <maxqet>38.97316157</maxqet>
      <avgresults>5.00</avgresults>
      <minresults>5</minresults>
      <maxresults>5</maxresults>
      <timeoutcount>0</timeoutcount>
    </query>
    <query nr="6">
      <executecount>0</executecount>
      <aqet>0.0</aqet>
    </query>
    <query nr="7">
      <executecount>40</executecount>
      <aqet>0.071474</aqet>
      <aqetg>0.056070</aqetg>
      <qps>13.99</qps>
      <minqet>0.01498058</minqet>
      <maxqet>0.29408186</maxqet>
      <avgresults>7.33</avgresults>
      <minresults>0</minresults>
      <maxresults>28</maxresults>
      <timeoutcount>0</timeoutcount>
    </query>
    <query nr="8">
      <executecount>20</executecount>
      <aqet>0.056083</aqet>
      <aqetg>0.046173</aqetg>
      <qps>17.83</qps>
      <minqet>0.01792287</minqet>
      <maxqet>0.11106973</maxqet>
      <avgresults>4.60</avgresults>
      <minresults>0</minresults>
      <maxresults>13</maxresults>
      <timeoutcount>0</timeoutcount>
    </query>
    <query nr="9">
      <executecount>40</executecount>
      <aqet>0.004326</aqet>
      <aqetg>0.003567</aqetg>
      <qps>231.18</qps>
      <minqet>0.00293833</minqet>
      <maxqet>0.04201711</maxqet>
      <avgresults>634.48</avgresults>
      <minresults>624</minresults>
      <maxresults>641</maxresults>
      <timeoutcount>0</timeoutcount>
    </query>
    <query nr="10">
      <executecount>20</executecount>
      <aqet>0.045656</aqet>
      <aqetg>0.039191</aqetg>
      <qps>21.90</qps>
      <minqet>0.01241479</minqet>
      <maxqet>0.08942920</maxqet>
      <avgresults>1.45</avgresults>
      <minresults>0</minresults>
      <maxresults>5</maxresults>
      <timeoutcount>0</timeoutcount>
    </query>
    <query nr="11">
      <executecount>10</executecount>
      <aqet>0.006515</aqet>
      <aqetg>0.004545</aqetg>
      <qps>153.49</qps>
      <minqet>0.00306819</minqet>
      <maxqet>0.03190460</maxqet>
      <avgresults>10.00</avgresults>
      <minresults>10</minresults>
      <maxresults>10</maxresults>
      <timeoutcount>0</timeoutcount>
    </query>
    <query nr="12">
      <executecount>10</executecount>
      <aqet>0.009395</aqet>
      <aqetg>0.009364</aqetg>
      <qps>106.44</qps>
      <minqet>0.00863297</minqet>
      <maxqet>0.01150290</maxqet>
      <avgresults>1146.80</avgresults>
      <minresults>1123</minresults>
      <maxresults>1164</maxresults>
      <timeoutcount>0</timeoutcount>
    </query>
  </queries>
</bsbm>
