<?xml version="1.0"?><bsbm>
  <querymix>
     <scalefactor>10000</scalefactor>
     <warmups>5</warmups>
     <seed>9834533</seed>
     <querymixruns>10</querymixruns>
     <minquerymixruntime>7.1267</minquerymixruntime>
     <maxquerymixruntime>16.5491</maxquerymixruntime>
     <totalruntime>113.603</totalruntime>
     <qmph>316.89</qmph>
     <cqet>11.36030</cqet>
     <cqetg>10.98733</cqetg>
  </querymix>
  <queries>
    <query nr="1">
      <executecount>10</executecount>
      <aqet>0.016980</aqet>
      <aqetg>0.015282</aqetg>
      <qps>58.89</qps>
      <minqet>0.00825357</minqet>
      <maxqet>0.03242051</maxqet>
      <avgresults>1.30</avgresults>
      <minresults>0</minresults>
      <maxresults>5</maxresults>
      <timeoutcount>0</timeoutcount>
    </query>
    <query nr="2">
      <executecount>60</executecount>
      <aqet>0.054764</aqet>
      <aqetg>0.052350</aqetg>
      <qps>18.26</qps>
      <minqet>0.03728689</minqet>
      <maxqet>0.15300548</maxqet>
      <avgresults>21.00</avgresults>
      <minresults>9</minresults>
      <maxresults>36</maxresults>
      <timeoutcount>0</timeoutcount>
    </query>
    <query nr="3">
      <executecount>10</executecount>
      <aqet>0.040284</aqet>
      <aqetg>0.034259</aqetg>
      <qps>24.82</qps>
      <minqet>0.01618772</minqet>
      <maxqet>0.09088026</maxqet>
      <avgresults>0.80</avgresults>
      <minresults>0</minresults>
      <maxresults>3</maxresults>
      <timeoutcount>0</timeoutcount>
    </query>
    <query nr="4">
      <executecount>10</executecount>
      <aqet>0.038612</aqet>
      <aqetg>0.035882</aqetg>
      <qps>25.90</qps>
      <minqet>0.01462651</minqet>
      <maxqet>0.06563271</maxqet>
      <avgresults>0.90</avgresults>
      <minresults>0</minresults>
      <maxresults>6</maxresults>
      <timeoutcount>0</timeoutcount>
    </query>
    <query nr="5">
      <executecount>20</executecount>
      <aqet>4.433610</aqet>
      <aqetg>3.808400</aqetg>
      <qps>0.23</qps>
      <minqet>0.88782467</minqet>
      <maxqet>9.89367580</maxqet>
      <avgresults>4.85</avgresults>
      <minresults>2</minresults>
      <maxresults>5</maxresults>
      <timeoutcount>0</timeoutcount>
    </query>
    <query nr="6">
      <executecount>0</executecount>
      <aqet>0.0</aqet>
    </query>
    <query nr="7">
      <executecount>40</executecount>
      <aqet>0.175825</aqet>
      <aqetg>0.162608</aqetg>
      <qps>5.69</qps>
      <minqet>0.07120196</minqet>
      <maxqet>0.36499084</maxqet>
      <avgresults>13.55</avgresults>
      <minresults>0</minresults>
      <maxresults>76</maxresults>
      <timeoutcount>0</timeoutcount>
    </query>
    <query nr="8">
      <executecount>20</executecount>
      <aqet>0.079540</aqet>
      <aqetg>0.071328</aqetg>
      <qps>12.57</qps>
      <minqet>0.02702418</minqet>
      <maxqet>0.16000121</maxqet>
      <avgresults>3.95</avgresults>
      <minresults>0</minresults>
      <maxresults>10</maxresults>
      <timeoutcount>0</timeoutcount>
    </query>
    <query nr="9">
      <executecount>40</executecount>
      <aqet>0.264989</aqet>
      <aqetg>0.261376</aqetg>
      <qps>3.77</qps>
      <minqet>0.21899408</minqet>
      <maxqet>0.47848416</maxqet>
      <avgresults>630.20</avgresults>
      <minresults>620</minresults>
      <maxresults>636</maxresults>
      <timeoutcount>0</timeoutcount>
    </query>
    <query nr="10">
      <executecount>20</executecount>
      <aqet>0.061552</aqet>
      <aqetg>0.056457</aqetg>
      <qps>16.25</qps>
      <minqet>0.02859817</minqet>
      <maxqet>0.13947371</maxqet>
      <avgresults>2.05</avgresults>
      <minresults>0</minresults>
      <maxresults>7</maxresults>
      <timeoutcount>0</timeoutcount>
    </query>
    <query nr="11">
      <executecount>10</executecount>
      <aqet>0.004336</aqet>
      <aqetg>0.004326</aqetg>
      <qps>230.61</qps>
      <minqet>0.00369997</minqet>
      <maxqet>0.00475967</maxqet>
      <avgresults>10.00</avgresults>
      <minresults>10</minresults>
      <maxresults>10</maxresults>
      <timeoutcount>0</timeoutcount>
    </query>
    <query nr="12">
      <executecount>10</executecount>
      <aqet>0.018842</aqet>
      <aqetg>0.016582</aqetg>
      <qps>53.07</qps>
      <minqet>0.01247636</minqet>
      <maxqet>0.04768930</maxqet>
      <avgresults>1142.00</avgresults>
      <minresults>1114</minresults>
      <maxresults>1161</maxresults>
      <timeoutcount>0</timeoutcount>
    </query>
  </queries>
</bsbm>
