<?xml version="1.0"?><bsbm>
  <querymix>
     <scalefactor>100000</scalefactor>
     <warmups>5</warmups>
     <seed>9834533</seed>
     <querymixruns>10</querymixruns>
     <minquerymixruntime>3.5379</minquerymixruntime>
     <maxquerymixruntime>8.7468</maxquerymixruntime>
     <totalruntime>55.770</totalruntime>
     <qmph>645.51</qmph>
     <cqet>5.57699</cqet>
     <cqetg>5.37667</cqetg>
  </querymix>
  <queries>
    <query nr="1">
      <executecount>10</executecount>
      <aqet>0.038373</aqet>
      <aqetg>0.034987</aqetg>
      <qps>26.06</qps>
      <minqet>0.02194357</minqet>
      <maxqet>0.07527650</maxqet>
      <avgresults>2.00</avgresults>
      <minresults>0</minresults>
      <maxresults>5</maxresults>
      <timeoutcount>0</timeoutcount>
    </query>
    <query nr="2">
      <executecount>60</executecount>
      <aqet>0.053713</aqet>
      <aqetg>0.048013</aqetg>
      <qps>18.62</qps>
      <minqet>0.01958945</minqet>
      <maxqet>0.10399759</maxqet>
      <avgresults>19.98</avgresults>
      <minresults>11</minresults>
      <maxresults>30</maxresults>
      <timeoutcount>0</timeoutcount>
    </query>
    <query nr="3">
      <executecount>10</executecount>
      <aqet>0.042863</aqet>
      <aqetg>0.038754</aqetg>
      <qps>23.33</qps>
      <minqet>0.02656866</minqet>
      <maxqet>0.07863439</maxqet>
      <avgresults>2.20</avgresults>
      <minresults>0</minresults>
      <maxresults>8</maxresults>
      <timeoutcount>0</timeoutcount>
    </query>
    <query nr="4">
      <executecount>10</executecount>
      <aqet>0.050240</aqet>
      <aqetg>0.044863</aqetg>
      <qps>19.90</qps>
      <minqet>0.02704057</minqet>
      <maxqet>0.08966992</maxqet>
      <avgresults>1.50</avgresults>
      <minresults>0</minresults>
      <maxresults>5</maxresults>
      <timeoutcount>0</timeoutcount>
    </query>
    <query nr="5">
      <executecount>20</executecount>
      <aqet>2.202119</aqet>
      <aqetg>1.921865</aqetg>
      <qps>0.45</qps>
      <minqet>0.65561491</minqet>
      <maxqet>5.11232750</maxqet>
      <avgresults>5.00</avgresults>
      <minresults>5</minresults>
      <maxresults>5</maxresults>
      <timeoutcount>0</timeoutcount>
    </query>
    <query nr="6">
      <executecount>0</executecount>
      <aqet>0.0</aqet>
    </query>
    <query nr="7">
      <executecount>40</executecount>
      <aqet>0.080546</aqet>
      <aqetg>0.074356</aqetg>
      <qps>12.42</qps>
      <minqet>0.03105511</minqet>
      <maxqet>0.11535031</maxqet>
      <avgresults>9.80</avgresults>
      <minresults>1</minresults>
      <maxresults>28</maxresults>
      <timeoutcount>0</timeoutcount>
    </query>
    <query nr="8">
      <executecount>20</executecount>
      <aqet>0.053180</aqet>
      <aqetg>0.047830</aqetg>
      <qps>18.80</qps>
      <minqet>0.02419662</minqet>
      <maxqet>0.09572023</maxqet>
      <avgresults>4.60</avgresults>
      <minresults>0</minresults>
      <maxresults>13</maxresults>
      <timeoutcount>0</timeoutcount>
    </query>
    <query nr="9">
      <executecount>40</executecount>
      <aqet>0.031813</aqet>
      <aqetg>0.026470</aqetg>
      <qps>31.43</qps>
      <minqet>0.01313822</minqet>
      <maxqet>0.07208979</maxqet>
      <avgresults>6978.48</avgresults>
      <minresults>3677</minresults>
      <maxresults>11891</maxresults>
      <timeoutcount>0</timeoutcount>
    </query>
    <query nr="10">
      <executecount>20</executecount>
      <aqet>0.050791</aqet>
      <aqetg>0.045847</aqetg>
      <qps>19.69</qps>
      <minqet>0.02813077</minqet>
      <maxqet>0.09311235</maxqet>
      <avgresults>1.45</avgresults>
      <minresults>0</minresults>
      <maxresults>5</maxresults>
      <timeoutcount>0</timeoutcount>
    </query>
    <query nr="11">
      <executecount>10</executecount>
      <aqet>0.020993</aqet>
      <aqetg>0.020176</aqetg>
      <qps>47.64</qps>
      <minqet>0.01734103</minqet>
      <maxqet>0.04251235</maxqet>
      <avgresults>10.00</avgresults>
      <minresults>10</minresults>
      <maxresults>10</maxresults>
      <timeoutcount>0</timeoutcount>
    </query>
    <query nr="12">
      <executecount>10</executecount>
      <aqet>0.040625</aqet>
      <aqetg>0.036123</aqetg>
      <qps>24.62</qps>
      <minqet>0.01621561</minqet>
      <maxqet>0.07163253</maxqet>
      <avgresults>1765.80</avgresults>
      <minresults>1742</minresults>
      <maxresults>1783</maxresults>
      <timeoutcount>0</timeoutcount>
    </query>
  </queries>
</bsbm>
