<?xml version="1.0"?><bsbm>
  <querymix>
     <scalefactor>100000</scalefactor>
     <warmups>5</warmups>
     <seed>9834533</seed>
     <querymixruns>10</querymixruns>
     <minquerymixruntime>1.6472</minquerymixruntime>
     <maxquerymixruntime>4.6408</maxquerymixruntime>
     <totalruntime>31.546</totalruntime>
     <qmph>1141.20</qmph>
     <cqet>3.15458</cqet>
     <cqetg>3.04162</cqetg>
  </querymix>
  <queries>
    <query nr="1">
      <executecount>10</executecount>
      <aqet>0.004764</aqet>
      <aqetg>0.004479</aqetg>
      <qps>209.89</qps>
      <minqet>0.00284838</minqet>
      <maxqet>0.00923404</maxqet>
      <avgresults>2.00</avgresults>
      <minresults>0</minresults>
      <maxresults>5</maxresults>
      <timeoutcount>0</timeoutcount>
    </query>
    <query nr="2">
      <executecount>60</executecount>
      <aqet>0.008994</aqet>
      <aqetg>0.005374</aqetg>
      <qps>111.19</qps>
      <minqet>0.00251465</minqet>
      <maxqet>0.04680580</maxqet>
      <avgresults>19.98</avgresults>
      <minresults>11</minresults>
      <maxresults>30</maxresults>
      <timeoutcount>0</timeoutcount>
    </query>
    <query nr="3">
      <executecount>10</executecount>
      <aqet>0.010782</aqet>
      <aqetg>0.007446</aqetg>
      <qps>92.74</qps>
      <minqet>0.00287761</minqet>
      <maxqet>0.04953957</maxqet>
      <avgresults>2.20</avgresults>
      <minresults>0</minresults>
      <maxresults>8</maxresults>
      <timeoutcount>0</timeoutcount>
    </query>
    <query nr="4">
      <executecount>10</executecount>
      <aqet>0.006761</aqet>
      <aqetg>0.006067</aqetg>
      <qps>147.90</qps>
      <minqet>0.00257697</minqet>
      <maxqet>0.01179201</maxqet>
      <avgresults>1.50</avgresults>
      <minresults>0</minresults>
      <maxresults>5</maxresults>
      <timeoutcount>0</timeoutcount>
    </query>
    <query nr="5">
      <executecount>20</executecount>
      <aqet>1.478059</aqet>
      <aqetg>1.296183</aqetg>
      <qps>0.68</qps>
      <minqet>0.40382087</minqet>
      <maxqet>3.13126699</maxqet>
      <avgresults>5.00</avgresults>
      <minresults>5</minresults>
      <maxresults>5</maxresults>
      <timeoutcount>0</timeoutcount>
    </query>
    <query nr="6">
      <executecount>0</executecount>
      <aqet>0.0</aqet>
    </query>
    <query nr="7">
      <executecount>40</executecount>
      <aqet>0.016558</aqet>
      <aqetg>0.009291</aqetg>
      <qps>60.39</qps>
      <minqet>0.00263912</minqet>
      <maxqet>0.06301145</maxqet>
      <avgresults>9.80</avgresults>
      <minresults>1</minresults>
      <maxresults>28</maxresults>
      <timeoutcount>0</timeoutcount>
    </query>
    <query nr="8">
      <executecount>20</executecount>
      <aqet>0.012093</aqet>
      <aqetg>0.006713</aqetg>
      <qps>82.69</qps>
      <minqet>0.00181943</minqet>
      <maxqet>0.05208038</maxqet>
      <avgresults>4.60</avgresults>
      <minresults>0</minresults>
      <maxresults>13</maxresults>
      <timeoutcount>0</timeoutcount>
    </query>
    <query nr="9">
      <executecount>40</executecount>
      <aqet>0.001171</aqet>
      <aqetg>0.001148</aqetg>
      <qps>853.79</qps>
      <minqet>0.00072949</minqet>
      <maxqet>0.00161059</maxqet>
      <avgresults>912.48</avgresults>
      <minresults>902</minresults>
      <maxresults>919</maxresults>
      <timeoutcount>0</timeoutcount>
    </query>
    <query nr="10">
      <executecount>20</executecount>
      <aqet>0.007451</aqet>
      <aqetg>0.005676</aqetg>
      <qps>134.21</qps>
      <minqet>0.00266867</minqet>
      <maxqet>0.04833790</maxqet>
      <avgresults>1.45</avgresults>
      <minresults>0</minresults>
      <maxresults>5</maxresults>
      <timeoutcount>0</timeoutcount>
    </query>
    <query nr="11">
      <executecount>10</executecount>
      <aqet>0.006294</aqet>
      <aqetg>0.002981</aqetg>
      <qps>158.88</qps>
      <minqet>0.00171794</minqet>
      <maxqet>0.04277251</maxqet>
      <avgresults>10.00</avgresults>
      <minresults>10</minresults>
      <maxresults>10</maxresults>
      <timeoutcount>0</timeoutcount>
    </query>
    <query nr="12">
      <executecount>10</executecount>
      <aqet>0.005895</aqet>
      <aqetg>0.002566</aqetg>
      <qps>169.63</qps>
      <minqet>0.00140388</minqet>
      <maxqet>0.04173372</maxqet>
      <avgresults>1531.80</avgresults>
      <minresults>1508</minresults>
      <maxresults>1549</maxresults>
      <timeoutcount>0</timeoutcount>
    </query>
  </queries>
</bsbm>
