<?xml version="1.0"?><bsbm>
  <querymix>
     <scalefactor>10000</scalefactor>
     <warmups>5</warmups>
     <seed>9834533</seed>
     <querymixruns>10</querymixruns>
     <minquerymixruntime>1.7890</minquerymixruntime>
     <maxquerymixruntime>2.6998</maxquerymixruntime>
     <totalruntime>23.864</totalruntime>
     <qmph>1508.57</qmph>
     <cqet>2.38637</cqet>
     <cqetg>2.36558</cqetg>
  </querymix>
  <queries>
    <query nr="1">
      <executecount>10</executecount>
      <aqet>0.037832</aqet>
      <aqetg>0.034159</aqetg>
      <qps>26.43</qps>
      <minqet>0.02207357</minqet>
      <maxqet>0.07366329</maxqet>
      <avgresults>1.30</avgresults>
      <minresults>0</minresults>
      <maxresults>5</maxresults>
      <timeoutcount>0</timeoutcount>
    </query>
    <query nr="2">
      <executecount>60</executecount>
      <aqet>0.050649</aqet>
      <aqetg>0.046239</aqetg>
      <qps>19.74</qps>
      <minqet>0.02777533</minqet>
      <maxqet>0.09213467</maxqet>
      <avgresults>21.00</avgresults>
      <minresults>9</minresults>
      <maxresults>36</maxresults>
      <timeoutcount>0</timeoutcount>
    </query>
    <query nr="3">
      <executecount>10</executecount>
      <aqet>0.040657</aqet>
      <aqetg>0.037268</aqetg>
      <qps>24.60</qps>
      <minqet>0.02645975</minqet>
      <maxqet>0.08427949</maxqet>
      <avgresults>0.80</avgresults>
      <minresults>0</minresults>
      <maxresults>3</maxresults>
      <timeoutcount>0</timeoutcount>
    </query>
    <query nr="4">
      <executecount>10</executecount>
      <aqet>0.047948</aqet>
      <aqetg>0.044466</aqetg>
      <qps>20.86</qps>
      <minqet>0.02734852</minqet>
      <maxqet>0.08960986</maxqet>
      <avgresults>0.90</avgresults>
      <minresults>0</minresults>
      <maxresults>6</maxresults>
      <timeoutcount>0</timeoutcount>
    </query>
    <query nr="5">
      <executecount>20</executecount>
      <aqet>0.593021</aqet>
      <aqetg>0.537341</aqetg>
      <qps>1.69</qps>
      <minqet>0.19161887</minqet>
      <maxqet>0.95206453</maxqet>
      <avgresults>4.85</avgresults>
      <minresults>2</minresults>
      <maxresults>5</maxresults>
      <timeoutcount>0</timeoutcount>
    </query>
    <query nr="6">
      <executecount>0</executecount>
      <aqet>0.0</aqet>
    </query>
    <query nr="7">
      <executecount>40</executecount>
      <aqet>0.086934</aqet>
      <aqetg>0.078522</aqetg>
      <qps>11.50</qps>
      <minqet>0.03194674</minqet>
      <maxqet>0.20036575</maxqet>
      <avgresults>15.28</avgresults>
      <minresults>1</minresults>
      <maxresults>76</maxresults>
      <timeoutcount>0</timeoutcount>
    </query>
    <query nr="8">
      <executecount>20</executecount>
      <aqet>0.059327</aqet>
      <aqetg>0.053156</aqetg>
      <qps>16.86</qps>
      <minqet>0.02833728</minqet>
      <maxqet>0.09274640</maxqet>
      <avgresults>3.95</avgresults>
      <minresults>0</minresults>
      <maxresults>10</maxresults>
      <timeoutcount>0</timeoutcount>
    </query>
    <query nr="9">
      <executecount>40</executecount>
      <aqet>0.030856</aqet>
      <aqetg>0.025313</aqetg>
      <qps>32.41</qps>
      <minqet>0.00897433</minqet>
      <maxqet>0.08145620</maxqet>
      <avgresults>6910.08</avgresults>
      <minresults>3381</minresults>
      <maxresults>11213</maxresults>
      <timeoutcount>0</timeoutcount>
    </query>
    <query nr="10">
      <executecount>20</executecount>
      <aqet>0.056246</aqet>
      <aqetg>0.050444</aqetg>
      <qps>17.78</qps>
      <minqet>0.02804406</minqet>
      <maxqet>0.09201942</maxqet>
      <avgresults>2.05</avgresults>
      <minresults>0</minresults>
      <maxresults>7</maxresults>
      <timeoutcount>0</timeoutcount>
    </query>
    <query nr="11">
      <executecount>10</executecount>
      <aqet>0.024730</aqet>
      <aqetg>0.022285</aqetg>
      <qps>40.44</qps>
      <minqet>0.01623304</minqet>
      <maxqet>0.05138074</maxqet>
      <avgresults>10.00</avgresults>
      <minresults>10</minresults>
      <maxresults>10</maxresults>
      <timeoutcount>0</timeoutcount>
    </query>
    <query nr="12">
      <executecount>10</executecount>
      <aqet>0.042953</aqet>
      <aqetg>0.037970</aqetg>
      <qps>23.28</qps>
      <minqet>0.02350689</minqet>
      <maxqet>0.07878140</maxqet>
      <avgresults>1761.00</avgresults>
      <minresults>1733</minresults>
      <maxresults>1780</maxresults>
      <timeoutcount>0</timeoutcount>
    </query>
  </queries>
</bsbm>
