<?xml version="1.0"?><bsbm>
  <querymix>
     <scalefactor>100000</scalefactor>
     <warmups>5</warmups>
     <seed>9834533</seed>
     <querymixruns>10</querymixruns>
     <minquerymixruntime>0.3674</minquerymixruntime>
     <maxquerymixruntime>0.5588</maxquerymixruntime>
     <totalruntime>4.314</totalruntime>
     <qmph>8344.39</qmph>
     <cqet>0.43143</cqet>
     <cqetg>0.42735</cqetg>
  </querymix>
  <queries>
    <query nr="1">
      <executecount>10</executecount>
      <aqet>0.018120</aqet>
      <aqetg>0.010582</aqetg>
      <qps>55.19</qps>
      <minqet>0.00438152</minqet>
      <maxqet>0.06637281</maxqet>
      <avgresults>0.00</avgresults>
      <minresults>0</minresults>
      <maxresults>0</maxresults>
      <timeoutcount>0</timeoutcount>
    </query>
    <query nr="2">
      <executecount>60</executecount>
      <aqet>0.022603</aqet>
      <aqetg>0.013339</aqetg>
      <qps>44.24</qps>
      <minqet>0.00480291</minqet>
      <maxqet>0.07255567</maxqet>
      <avgresults>0.00</avgresults>
      <minresults>0</minresults>
      <maxresults>0</maxresults>
      <timeoutcount>0</timeoutcount>
    </query>
    <query nr="3">
      <executecount>10</executecount>
      <aqet>0.007095</aqet>
      <aqetg>0.006974</aqetg>
      <qps>140.94</qps>
      <minqet>0.00475466</minqet>
      <maxqet>0.00880315</maxqet>
      <avgresults>0.00</avgresults>
      <minresults>0</minresults>
      <maxresults>0</maxresults>
      <timeoutcount>0</timeoutcount>
    </query>
    <query nr="4">
      <executecount>10</executecount>
      <aqet>0.019346</aqet>
      <aqetg>0.011897</aqetg>
      <qps>51.69</qps>
      <minqet>0.00545679</minqet>
      <maxqet>0.07226237</maxqet>
      <avgresults>0.00</avgresults>
      <minresults>0</minresults>
      <maxresults>0</maxresults>
      <timeoutcount>0</timeoutcount>
    </query>
    <query nr="5">
      <executecount>20</executecount>
      <aqet>0.013944</aqet>
      <aqetg>0.009477</aqetg>
      <qps>71.71</qps>
      <minqet>0.00522688</minqet>
      <maxqet>0.07160830</maxqet>
      <avgresults>0.00</avgresults>
      <minresults>0</minresults>
      <maxresults>0</maxresults>
      <timeoutcount>0</timeoutcount>
    </query>
    <query nr="6">
      <executecount>0</executecount>
      <aqet>0.0</aqet>
    </query>
    <query nr="7">
      <executecount>40</executecount>
      <aqet>0.019911</aqet>
      <aqetg>0.011922</aqetg>
      <qps>50.22</qps>
      <minqet>0.00443221</minqet>
      <maxqet>0.09012216</maxqet>
      <avgresults>0.00</avgresults>
      <minresults>0</minresults>
      <maxresults>0</maxresults>
      <timeoutcount>0</timeoutcount>
    </query>
    <query nr="8">
      <executecount>20</executecount>
      <aqet>0.015082</aqet>
      <aqetg>0.009948</aqetg>
      <qps>66.31</qps>
      <minqet>0.00499902</minqet>
      <maxqet>0.06324493</maxqet>
      <avgresults>0.00</avgresults>
      <minresults>0</minresults>
      <maxresults>0</maxresults>
      <timeoutcount>0</timeoutcount>
    </query>
    <query nr="9">
      <executecount>40</executecount>
      <aqet>0.011621</aqet>
      <aqetg>0.006310</aqetg>
      <qps>86.05</qps>
      <minqet>0.00309911</minqet>
      <maxqet>0.06570451</maxqet>
      <avgresults>452.00</avgresults>
      <minresults>452</minresults>
      <maxresults>452</maxresults>
      <timeoutcount>0</timeoutcount>
    </query>
    <query nr="10">
      <executecount>20</executecount>
      <aqet>0.024092</aqet>
      <aqetg>0.013899</aqetg>
      <qps>41.51</qps>
      <minqet>0.00436608</minqet>
      <maxqet>0.06895880</maxqet>
      <avgresults>0.00</avgresults>
      <minresults>0</minresults>
      <maxresults>0</maxresults>
      <timeoutcount>0</timeoutcount>
    </query>
    <query nr="11">
      <executecount>10</executecount>
      <aqet>0.011491</aqet>
      <aqetg>0.007570</aqetg>
      <qps>87.02</qps>
      <minqet>0.00452777</minqet>
      <maxqet>0.05928545</maxqet>
      <avgresults>0.00</avgresults>
      <minresults>0</minresults>
      <maxresults>0</maxresults>
      <timeoutcount>0</timeoutcount>
    </query>
    <query nr="12">
      <executecount>10</executecount>
      <aqet>0.007393</aqet>
      <aqetg>0.007218</aqetg>
      <qps>135.27</qps>
      <minqet>0.00520558</minqet>
      <maxqet>0.01092234</maxqet>
      <avgresults>698.00</avgresults>
      <minresults>698</minresults>
      <maxresults>698</maxresults>
      <timeoutcount>0</timeoutcount>
    </query>
  </queries>
</bsbm>
