<?xml version="1.0"?><bsbm>
  <querymix>
     <scalefactor>1000</scalefactor>
     <warmups>5</warmups>
     <seed>9834533</seed>
     <querymixruns>10</querymixruns>
     <minquerymixruntime>0.0563</minquerymixruntime>
     <maxquerymixruntime>0.1263</maxquerymixruntime>
     <totalruntime>0.747</totalruntime>
     <qmph>48161.23</qmph>
     <cqet>0.07475</cqet>
     <cqetg>0.07202</cqetg>
  </querymix>
  <queries>
    <query nr="1">
      <executecount>10</executecount>
      <aqet>0.001752</aqet>
      <aqetg>0.001723</aqetg>
      <qps>570.67</qps>
      <minqet>0.00146406</minqet>
      <maxqet>0.00262586</maxqet>
      <avgresults>0.50</avgresults>
      <minresults>0</minresults>
      <maxresults>3</maxresults>
      <timeoutcount>0</timeoutcount>
    </query>
    <query nr="2">
      <executecount>60</executecount>
      <aqet>0.004533</aqet>
      <aqetg>0.003725</aqetg>
      <qps>220.62</qps>
      <minqet>0.00256174</minqet>
      <maxqet>0.05964648</maxqet>
      <avgresults>19.50</avgresults>
      <minresults>11</minresults>
      <maxresults>32</maxresults>
      <timeoutcount>0</timeoutcount>
    </query>
    <query nr="3">
      <executecount>10</executecount>
      <aqet>0.001996</aqet>
      <aqetg>0.001959</aqetg>
      <qps>501.10</qps>
      <minqet>0.00154016</minqet>
      <maxqet>0.00303738</maxqet>
      <avgresults>0.20</avgresults>
      <minresults>0</minresults>
      <maxresults>1</maxresults>
      <timeoutcount>0</timeoutcount>
    </query>
    <query nr="4">
      <executecount>10</executecount>
      <aqet>0.002061</aqet>
      <aqetg>0.002042</aqetg>
      <qps>485.31</qps>
      <minqet>0.00173744</minqet>
      <maxqet>0.00265689</maxqet>
      <avgresults>0.00</avgresults>
      <minresults>0</minresults>
      <maxresults>0</maxresults>
      <timeoutcount>0</timeoutcount>
    </query>
    <query nr="5">
      <executecount>20</executecount>
      <aqet>0.006157</aqet>
      <aqetg>0.005549</aqetg>
      <qps>162.41</qps>
      <minqet>0.00312016</minqet>
      <maxqet>0.01732576</maxqet>
      <avgresults>3.50</avgresults>
      <minresults>1</minresults>
      <maxresults>5</maxresults>
      <timeoutcount>0</timeoutcount>
    </query>
    <query nr="6">
      <executecount>0</executecount>
      <aqet>0.0</aqet>
    </query>
    <query nr="7">
      <executecount>40</executecount>
      <aqet>0.003486</aqet>
      <aqetg>0.002745</aqetg>
      <qps>286.84</qps>
      <minqet>0.00181643</minqet>
      <maxqet>0.03800998</maxqet>
      <avgresults>9.38</avgresults>
      <minresults>1</minresults>
      <maxresults>20</maxresults>
      <timeoutcount>0</timeoutcount>
    </query>
    <query nr="8">
      <executecount>20</executecount>
      <aqet>0.002350</aqet>
      <aqetg>0.002306</aqetg>
      <qps>425.60</qps>
      <minqet>0.00153455</minqet>
      <maxqet>0.00342341</maxqet>
      <avgresults>5.05</avgresults>
      <minresults>1</minresults>
      <maxresults>10</maxresults>
      <timeoutcount>0</timeoutcount>
    </query>
    <query nr="9">
      <executecount>40</executecount>
      <aqet>0.000825</aqet>
      <aqetg>0.000819</aqetg>
      <qps>1211.53</qps>
      <minqet>0.00065764</minqet>
      <maxqet>0.00108984</maxqet>
      <avgresults>907.48</avgresults>
      <minresults>900</minresults>
      <maxresults>914</maxresults>
      <timeoutcount>0</timeoutcount>
    </query>
    <query nr="10">
      <executecount>20</executecount>
      <aqet>0.002289</aqet>
      <aqetg>0.002064</aqetg>
      <qps>436.80</qps>
      <minqet>0.00145439</minqet>
      <maxqet>0.00913949</maxqet>
      <avgresults>2.80</avgresults>
      <minresults>0</minresults>
      <maxresults>8</maxresults>
      <timeoutcount>0</timeoutcount>
    </query>
    <query nr="11">
      <executecount>10</executecount>
      <aqet>0.001487</aqet>
      <aqetg>0.001473</aqetg>
      <qps>672.34</qps>
      <minqet>0.00114098</minqet>
      <maxqet>0.00194395</maxqet>
      <avgresults>10.00</avgresults>
      <minresults>10</minresults>
      <maxresults>10</maxresults>
      <timeoutcount>0</timeoutcount>
    </query>
    <query nr="12">
      <executecount>10</executecount>
      <aqet>0.001418</aqet>
      <aqetg>0.001406</aqetg>
      <qps>705.17</qps>
      <minqet>0.00117695</minqet>
      <maxqet>0.00181443</maxqet>
      <avgresults>1505.20</avgresults>
      <minresults>1490</minresults>
      <maxresults>1523</maxresults>
      <timeoutcount>0</timeoutcount>
    </query>
  </queries>
</bsbm>
