<?xml version="1.0"?><bsbm>
  <querymix>
     <scalefactor>100000</scalefactor>
     <warmups>5</warmups>
     <seed>9834533</seed>
     <querymixruns>10</querymixruns>
     <minquerymixruntime>11.0346</minquerymixruntime>
     <maxquerymixruntime>15.9659</maxquerymixruntime>
     <totalruntime>123.066</totalruntime>
     <qmph>292.53</qmph>
     <cqet>12.30659</cqet>
     <cqetg>12.22838</cqetg>
  </querymix>
  <queries>
    <query nr="1">
      <executecount>10</executecount>
      <aqet>0.017566</aqet>
      <aqetg>0.015732</aqetg>
      <qps>56.93</qps>
      <minqet>0.01050534</minqet>
      <maxqet>0.05043149</maxqet>
      <avgresults>2.00</avgresults>
      <minresults>0</minresults>
      <maxresults>5</maxresults>
      <timeoutcount>0</timeoutcount>
    </query>
    <query nr="2">
      <executecount>60</executecount>
      <aqet>0.033125</aqet>
      <aqetg>0.027308</aqetg>
      <qps>30.19</qps>
      <minqet>0.01315758</minqet>
      <maxqet>0.07824601</maxqet>
      <avgresults>19.98</avgresults>
      <minresults>11</minresults>
      <maxresults>30</maxresults>
      <timeoutcount>0</timeoutcount>
    </query>
    <query nr="3">
      <executecount>10</executecount>
      <aqet>0.033645</aqet>
      <aqetg>0.024089</aqetg>
      <qps>29.72</qps>
      <minqet>0.00921258</minqet>
      <maxqet>0.07637907</maxqet>
      <avgresults>2.20</avgresults>
      <minresults>0</minresults>
      <maxresults>8</maxresults>
      <timeoutcount>0</timeoutcount>
    </query>
    <query nr="4">
      <executecount>10</executecount>
      <aqet>0.034988</aqet>
      <aqetg>0.028265</aqetg>
      <qps>28.58</qps>
      <minqet>0.01123968</minqet>
      <maxqet>0.07041000</maxqet>
      <avgresults>1.50</avgresults>
      <minresults>0</minresults>
      <maxresults>5</maxresults>
      <timeoutcount>0</timeoutcount>
    </query>
    <query nr="5">
      <executecount>20</executecount>
      <aqet>5.888143</aqet>
      <aqetg>5.801150</aqetg>
      <qps>0.17</qps>
      <minqet>3.92178556</minqet>
      <maxqet>7.96034225</maxqet>
      <avgresults>5.00</avgresults>
      <minresults>5</minresults>
      <maxresults>5</maxresults>
      <timeoutcount>0</timeoutcount>
    </query>
    <query nr="6">
      <executecount>0</executecount>
      <aqet>0.0</aqet>
    </query>
    <query nr="7">
      <executecount>40</executecount>
      <aqet>0.018600</aqet>
      <aqetg>0.018161</aqetg>
      <qps>53.76</qps>
      <minqet>0.00902985</minqet>
      <maxqet>0.03310350</maxqet>
      <avgresults>9.80</avgresults>
      <minresults>1</minresults>
      <maxresults>28</maxresults>
      <timeoutcount>0</timeoutcount>
    </query>
    <query nr="8">
      <executecount>20</executecount>
      <aqet>0.020381</aqet>
      <aqetg>0.017098</aqetg>
      <qps>49.07</qps>
      <minqet>0.01109432</minqet>
      <maxqet>0.06569538</maxqet>
      <avgresults>4.60</avgresults>
      <minresults>0</minresults>
      <maxresults>13</maxresults>
      <timeoutcount>0</timeoutcount>
    </query>
    <query nr="9">
      <executecount>40</executecount>
      <aqet>0.008817</aqet>
      <aqetg>0.006373</aqetg>
      <qps>113.42</qps>
      <minqet>0.00303249</minqet>
      <maxqet>0.05193989</maxqet>
      <avgresults>913.48</avgresults>
      <minresults>903</minresults>
      <maxresults>920</maxresults>
      <timeoutcount>0</timeoutcount>
    </query>
    <query nr="10">
      <executecount>20</executecount>
      <aqet>0.028200</aqet>
      <aqetg>0.021144</aqetg>
      <qps>35.46</qps>
      <minqet>0.00986311</minqet>
      <maxqet>0.07751116</maxqet>
      <avgresults>1.45</avgresults>
      <minresults>0</minresults>
      <maxresults>5</maxresults>
      <timeoutcount>0</timeoutcount>
    </query>
    <query nr="11">
      <executecount>10</executecount>
      <aqet>0.019648</aqet>
      <aqetg>0.014610</aqetg>
      <qps>50.90</qps>
      <minqet>0.00739033</minqet>
      <maxqet>0.07512908</maxqet>
      <avgresults>10.00</avgresults>
      <minresults>10</minresults>
      <maxresults>10</maxresults>
      <timeoutcount>0</timeoutcount>
    </query>
    <query nr="12">
      <executecount>10</executecount>
      <aqet>0.018876</aqet>
      <aqetg>0.013575</aqetg>
      <qps>52.98</qps>
      <minqet>0.00734496</minqet>
      <maxqet>0.06710704</maxqet>
      <avgresults>1437.80</avgresults>
      <minresults>1414</minresults>
      <maxresults>1455</maxresults>
      <timeoutcount>0</timeoutcount>
    </query>
  </queries>
</bsbm>
