<?xml version="1.0"?><bsbm>
  <querymix>
     <scalefactor>1000</scalefactor>
     <warmups>5</warmups>
     <seed>9834533</seed>
     <querymixruns>10</querymixruns>
     <minquerymixruntime>1.3488</minquerymixruntime>
     <maxquerymixruntime>2.2223</maxquerymixruntime>
     <totalruntime>16.970</totalruntime>
     <qmph>2121.38</qmph>
     <cqet>1.69701</cqet>
     <cqetg>1.67444</cqetg>
  </querymix>
  <queries>
    <query nr="1">
      <executecount>10</executecount>
      <aqet>0.011202</aqet>
      <aqetg>0.008211</aqetg>
      <qps>89.27</qps>
      <minqet>0.00563504</minqet>
      <maxqet>0.05064785</maxqet>
      <avgresults>0.50</avgresults>
      <minresults>0</minresults>
      <maxresults>3</maxresults>
      <timeoutcount>0</timeoutcount>
    </query>
    <query nr="2">
      <executecount>60</executecount>
      <aqet>0.036699</aqet>
      <aqetg>0.034343</aqetg>
      <qps>27.25</qps>
      <minqet>0.02359193</minqet>
      <maxqet>0.09958997</maxqet>
      <avgresults>19.50</avgresults>
      <minresults>11</minresults>
      <maxresults>32</maxresults>
      <timeoutcount>0</timeoutcount>
    </query>
    <query nr="3">
      <executecount>10</executecount>
      <aqet>0.012803</aqet>
      <aqetg>0.012460</aqetg>
      <qps>78.11</qps>
      <minqet>0.00899848</minqet>
      <maxqet>0.01709951</maxqet>
      <avgresults>0.20</avgresults>
      <minresults>0</minresults>
      <maxresults>1</maxresults>
      <timeoutcount>0</timeoutcount>
    </query>
    <query nr="4">
      <executecount>10</executecount>
      <aqet>0.016542</aqet>
      <aqetg>0.014984</aqetg>
      <qps>60.45</qps>
      <minqet>0.00818082</minqet>
      <maxqet>0.03623359</maxqet>
      <avgresults>0.00</avgresults>
      <minresults>0</minresults>
      <maxresults>0</maxresults>
      <timeoutcount>0</timeoutcount>
    </query>
    <query nr="5">
      <executecount>20</executecount>
      <aqet>0.396756</aqet>
      <aqetg>0.367151</aqetg>
      <qps>2.52</qps>
      <minqet>0.12473445</minqet>
      <maxqet>0.82301624</maxqet>
      <avgresults>3.50</avgresults>
      <minresults>1</minresults>
      <maxresults>5</maxresults>
      <timeoutcount>0</timeoutcount>
    </query>
    <query nr="6">
      <executecount>0</executecount>
      <aqet>0.0</aqet>
    </query>
    <query nr="7">
      <executecount>40</executecount>
      <aqet>0.066683</aqet>
      <aqetg>0.059862</aqetg>
      <qps>15.00</qps>
      <minqet>0.02418281</minqet>
      <maxqet>0.14725759</maxqet>
      <avgresults>9.38</avgresults>
      <minresults>1</minresults>
      <maxresults>20</maxresults>
      <timeoutcount>0</timeoutcount>
    </query>
    <query nr="8">
      <executecount>20</executecount>
      <aqet>0.060308</aqet>
      <aqetg>0.053616</aqetg>
      <qps>16.58</qps>
      <minqet>0.01931801</minqet>
      <maxqet>0.11977577</maxqet>
      <avgresults>5.05</avgresults>
      <minresults>1</minresults>
      <maxresults>10</maxresults>
      <timeoutcount>0</timeoutcount>
    </query>
    <query nr="9">
      <executecount>40</executecount>
      <aqet>0.037104</aqet>
      <aqetg>0.034106</aqetg>
      <qps>26.95</qps>
      <minqet>0.02379694</minqet>
      <maxqet>0.09529332</maxqet>
      <avgresults>629.48</avgresults>
      <minresults>622</minresults>
      <maxresults>636</maxresults>
      <timeoutcount>0</timeoutcount>
    </query>
    <query nr="10">
      <executecount>20</executecount>
      <aqet>0.045690</aqet>
      <aqetg>0.040799</aqetg>
      <qps>21.89</qps>
      <minqet>0.01033508</minqet>
      <maxqet>0.08795942</maxqet>
      <avgresults>2.80</avgresults>
      <minresults>0</minresults>
      <maxresults>8</maxresults>
      <timeoutcount>0</timeoutcount>
    </query>
    <query nr="11">
      <executecount>10</executecount>
      <aqet>0.004165</aqet>
      <aqetg>0.004150</aqetg>
      <qps>240.08</qps>
      <minqet>0.00347371</minqet>
      <maxqet>0.00481990</maxqet>
      <avgresults>10.00</avgresults>
      <minresults>10</minresults>
      <maxresults>10</maxresults>
      <timeoutcount>0</timeoutcount>
    </query>
    <query nr="12">
      <executecount>10</executecount>
      <aqet>0.011448</aqet>
      <aqetg>0.010952</aqetg>
      <qps>87.35</qps>
      <minqet>0.00945724</minqet>
      <maxqet>0.02412604</maxqet>
      <avgresults>1120.20</avgresults>
      <minresults>1105</minresults>
      <maxresults>1138</maxresults>
      <timeoutcount>0</timeoutcount>
    </query>
  </queries>
</bsbm>
