<?xml version="1.0"?><bsbm>
  <querymix>
     <scalefactor>100000</scalefactor>
     <warmups>5</warmups>
     <seed>9834533</seed>
     <querymixruns>10</querymixruns>
     <minquerymixruntime>0.3863</minquerymixruntime>
     <maxquerymixruntime>0.5454</maxquerymixruntime>
     <totalruntime>4.298</totalruntime>
     <qmph>8375.56</qmph>
     <cqet>0.42982</cqet>
     <cqetg>0.42759</cqetg>
  </querymix>
  <queries>
    <query nr="1">
      <executecount>10</executecount>
      <aqet>0.010410</aqet>
      <aqetg>0.009710</aqetg>
      <qps>96.06</qps>
      <minqet>0.00589325</minqet>
      <maxqet>0.01697304</maxqet>
      <avgresults>2.00</avgresults>
      <minresults>0</minresults>
      <maxresults>5</maxresults>
      <timeoutcount>0</timeoutcount>
    </query>
    <query nr="2">
      <executecount>60</executecount>
      <aqet>0.016636</aqet>
      <aqetg>0.016480</aqetg>
      <qps>60.11</qps>
      <minqet>0.01304835</minqet>
      <maxqet>0.02447627</maxqet>
      <avgresults>19.98</avgresults>
      <minresults>11</minresults>
      <maxresults>30</maxresults>
      <timeoutcount>0</timeoutcount>
    </query>
    <query nr="3">
      <executecount>10</executecount>
      <aqet>0.009268</aqet>
      <aqetg>0.009138</aqetg>
      <qps>107.90</qps>
      <minqet>0.00766456</minqet>
      <maxqet>0.01184704</maxqet>
      <avgresults>2.20</avgresults>
      <minresults>0</minresults>
      <maxresults>8</maxresults>
      <timeoutcount>0</timeoutcount>
    </query>
    <query nr="4">
      <executecount>10</executecount>
      <aqet>0.020425</aqet>
      <aqetg>0.020263</aqetg>
      <qps>48.96</qps>
      <minqet>0.01643597</minqet>
      <maxqet>0.02712480</maxqet>
      <avgresults>1.50</avgresults>
      <minresults>0</minresults>
      <maxresults>5</maxresults>
      <timeoutcount>0</timeoutcount>
    </query>
    <query nr="5">
      <executecount>20</executecount>
      <aqet>0.025554</aqet>
      <aqetg>0.023925</aqetg>
      <qps>39.13</qps>
      <minqet>0.01260059</minqet>
      <maxqet>0.05842736</maxqet>
      <avgresults>5.00</avgresults>
      <minresults>5</minresults>
      <maxresults>5</maxresults>
      <timeoutcount>0</timeoutcount>
    </query>
    <query nr="6">
      <executecount>0</executecount>
      <aqet>0.0</aqet>
    </query>
    <query nr="7">
      <executecount>40</executecount>
      <aqet>0.026818</aqet>
      <aqetg>0.024454</aqetg>
      <qps>37.29</qps>
      <minqet>0.01794644</minqet>
      <maxqet>0.13648913</maxqet>
      <avgresults>9.80</avgresults>
      <minresults>1</minresults>
      <maxresults>28</maxresults>
      <timeoutcount>0</timeoutcount>
    </query>
    <query nr="8">
      <executecount>20</executecount>
      <aqet>0.018645</aqet>
      <aqetg>0.018059</aqetg>
      <qps>53.63</qps>
      <minqet>0.01139887</minqet>
      <maxqet>0.03548074</maxqet>
      <avgresults>4.60</avgresults>
      <minresults>0</minresults>
      <maxresults>13</maxresults>
      <timeoutcount>0</timeoutcount>
    </query>
    <query nr="9">
      <executecount>40</executecount>
      <aqet>0.006249</aqet>
      <aqetg>0.005559</aqetg>
      <qps>160.03</qps>
      <minqet>0.00260508</minqet>
      <maxqet>0.02204843</maxqet>
      <avgresults>6828.80</avgresults>
      <minresults>3440</minresults>
      <maxresults>11871</maxresults>
      <timeoutcount>0</timeoutcount>
    </query>
    <query nr="10">
      <executecount>20</executecount>
      <aqet>0.024257</aqet>
      <aqetg>0.024005</aqetg>
      <qps>41.23</qps>
      <minqet>0.01899203</minqet>
      <maxqet>0.03132471</maxqet>
      <avgresults>1.45</avgresults>
      <minresults>0</minresults>
      <maxresults>5</maxresults>
      <timeoutcount>0</timeoutcount>
    </query>
    <query nr="11">
      <executecount>10</executecount>
      <aqet>0.006594</aqet>
      <aqetg>0.006196</aqetg>
      <qps>151.66</qps>
      <minqet>0.00389994</minqet>
      <maxqet>0.01290910</maxqet>
      <avgresults>10.00</avgresults>
      <minresults>10</minresults>
      <maxresults>10</maxresults>
      <timeoutcount>0</timeoutcount>
    </query>
    <query nr="12">
      <executecount>10</executecount>
      <aqet>0.014128</aqet>
      <aqetg>0.013702</aqetg>
      <qps>70.78</qps>
      <minqet>0.01038844</minqet>
      <maxqet>0.02290036</maxqet>
      <avgresults>1146.80</avgresults>
      <minresults>1123</minresults>
      <maxresults>1164</maxresults>
      <timeoutcount>0</timeoutcount>
    </query>
  </queries>
</bsbm>
