<?xml version="1.0"?><bsbm>
  <querymix>
     <scalefactor>10000</scalefactor>
     <warmups>5</warmups>
     <seed>9834533</seed>
     <querymixruns>10</querymixruns>
     <minquerymixruntime>0.2819</minquerymixruntime>
     <maxquerymixruntime>0.3491</maxquerymixruntime>
     <totalruntime>3.004</totalruntime>
     <qmph>11982.52</qmph>
     <cqet>0.30044</cqet>
     <cqetg>0.29996</cqetg>
  </querymix>
  <queries>
    <query nr="1">
      <executecount>10</executecount>
      <aqet>0.006117</aqet>
      <aqetg>0.006099</aqetg>
      <qps>163.49</qps>
      <minqet>0.00535727</minqet>
      <maxqet>0.00675051</maxqet>
      <avgresults>1.30</avgresults>
      <minresults>0</minresults>
      <maxresults>5</maxresults>
      <timeoutcount>0</timeoutcount>
    </query>
    <query nr="2">
      <executecount>60</executecount>
      <aqet>0.016372</aqet>
      <aqetg>0.015953</aqetg>
      <qps>61.08</qps>
      <minqet>0.01319702</minqet>
      <maxqet>0.05509334</maxqet>
      <avgresults>21.00</avgresults>
      <minresults>9</minresults>
      <maxresults>36</maxresults>
      <timeoutcount>0</timeoutcount>
    </query>
    <query nr="3">
      <executecount>10</executecount>
      <aqet>0.007096</aqet>
      <aqetg>0.007079</aqetg>
      <qps>140.93</qps>
      <minqet>0.00628400</minqet>
      <maxqet>0.00795518</maxqet>
      <avgresults>0.80</avgresults>
      <minresults>0</minresults>
      <maxresults>3</maxresults>
      <timeoutcount>0</timeoutcount>
    </query>
    <query nr="4">
      <executecount>10</executecount>
      <aqet>0.018334</aqet>
      <aqetg>0.018204</aqetg>
      <qps>54.54</qps>
      <minqet>0.01554119</minqet>
      <maxqet>0.02210995</maxqet>
      <avgresults>0.90</avgresults>
      <minresults>0</minresults>
      <maxresults>6</maxresults>
      <timeoutcount>0</timeoutcount>
    </query>
    <query nr="5">
      <executecount>20</executecount>
      <aqet>0.010541</aqet>
      <aqetg>0.010373</aqetg>
      <qps>94.87</qps>
      <minqet>0.00873793</minqet>
      <maxqet>0.01973607</maxqet>
      <avgresults>4.85</avgresults>
      <minresults>2</minresults>
      <maxresults>5</maxresults>
      <timeoutcount>0</timeoutcount>
    </query>
    <query nr="6">
      <executecount>0</executecount>
      <aqet>0.0</aqet>
    </query>
    <query nr="7">
      <executecount>40</executecount>
      <aqet>0.018462</aqet>
      <aqetg>0.018261</aqetg>
      <qps>54.16</qps>
      <minqet>0.01458800</minqet>
      <maxqet>0.02663203</maxqet>
      <avgresults>15.28</avgresults>
      <minresults>1</minresults>
      <maxresults>76</maxresults>
      <timeoutcount>0</timeoutcount>
    </query>
    <query nr="8">
      <executecount>20</executecount>
      <aqet>0.011556</aqet>
      <aqetg>0.011353</aqetg>
      <qps>86.53</qps>
      <minqet>0.00998261</minqet>
      <maxqet>0.02106779</maxqet>
      <avgresults>3.95</avgresults>
      <minresults>0</minresults>
      <maxresults>10</maxresults>
      <timeoutcount>0</timeoutcount>
    </query>
    <query nr="9">
      <executecount>40</executecount>
      <aqet>0.002581</aqet>
      <aqetg>0.002553</aqetg>
      <qps>387.45</qps>
      <minqet>0.00218441</minqet>
      <maxqet>0.00505663</maxqet>
      <avgresults>6760.75</avgresults>
      <minresults>3137</minresults>
      <maxresults>11179</maxresults>
      <timeoutcount>0</timeoutcount>
    </query>
    <query nr="10">
      <executecount>20</executecount>
      <aqet>0.014774</aqet>
      <aqetg>0.014743</aqetg>
      <qps>67.69</qps>
      <minqet>0.01350954</minqet>
      <maxqet>0.01841779</maxqet>
      <avgresults>2.05</avgresults>
      <minresults>0</minresults>
      <maxresults>7</maxresults>
      <timeoutcount>0</timeoutcount>
    </query>
    <query nr="11">
      <executecount>10</executecount>
      <aqet>0.003268</aqet>
      <aqetg>0.003230</aqetg>
      <qps>305.98</qps>
      <minqet>0.00240092</minqet>
      <maxqet>0.00416295</maxqet>
      <avgresults>10.00</avgresults>
      <minresults>10</minresults>
      <maxresults>10</maxresults>
      <timeoutcount>0</timeoutcount>
    </query>
    <query nr="12">
      <executecount>10</executecount>
      <aqet>0.009473</aqet>
      <aqetg>0.009471</aqetg>
      <qps>105.56</qps>
      <minqet>0.00916308</minqet>
      <maxqet>0.00985771</maxqet>
      <avgresults>1142.00</avgresults>
      <minresults>1114</minresults>
      <maxresults>1161</maxresults>
      <timeoutcount>0</timeoutcount>
    </query>
  </queries>
</bsbm>
