<?xml version="1.0"?><bsbm>
  <querymix>
     <scalefactor>1000</scalefactor>
     <warmups>5</warmups>
     <seed>9834533</seed>
     <querymixruns>10</querymixruns>
     <minquerymixruntime>0.1378</minquerymixruntime>
     <maxquerymixruntime>0.4084</maxquerymixruntime>
     <totalruntime>2.078</totalruntime>
     <qmph>17325.81</qmph>
     <cqet>0.20778</cqet>
     <cqetg>0.19500</cqetg>
  </querymix>
  <queries>
    <query nr="1">
      <executecount>10</executecount>
      <aqet>0.004210</aqet>
      <aqetg>0.002968</aqetg>
      <qps>237.51</qps>
      <minqet>0.00188175</minqet>
      <maxqet>0.02026302</maxqet>
      <avgresults>0.50</avgresults>
      <minresults>0</minresults>
      <maxresults>3</maxresults>
      <timeoutcount>0</timeoutcount>
    </query>
    <query nr="2">
      <executecount>60</executecount>
      <aqet>0.015271</aqet>
      <aqetg>0.012206</aqetg>
      <qps>65.48</qps>
      <minqet>0.00672298</minqet>
      <maxqet>0.09412739</maxqet>
      <avgresults>19.50</avgresults>
      <minresults>11</minresults>
      <maxresults>32</maxresults>
      <timeoutcount>0</timeoutcount>
    </query>
    <query nr="3">
      <executecount>10</executecount>
      <aqet>0.013793</aqet>
      <aqetg>0.004664</aqetg>
      <qps>72.50</qps>
      <minqet>0.00203787</minqet>
      <maxqet>0.08073074</maxqet>
      <avgresults>0.20</avgresults>
      <minresults>0</minresults>
      <maxresults>1</maxresults>
      <timeoutcount>0</timeoutcount>
    </query>
    <query nr="4">
      <executecount>10</executecount>
      <aqet>0.003151</aqet>
      <aqetg>0.002841</aqetg>
      <qps>317.36</qps>
      <minqet>0.00205794</minqet>
      <maxqet>0.00877458</maxqet>
      <avgresults>0.00</avgresults>
      <minresults>0</minresults>
      <maxresults>0</maxresults>
      <timeoutcount>0</timeoutcount>
    </query>
    <query nr="5">
      <executecount>20</executecount>
      <aqet>0.011627</aqet>
      <aqetg>0.008581</aqetg>
      <qps>86.00</qps>
      <minqet>0.00361248</minqet>
      <maxqet>0.04524945</maxqet>
      <avgresults>3.50</avgresults>
      <minresults>1</minresults>
      <maxresults>5</maxresults>
      <timeoutcount>0</timeoutcount>
    </query>
    <query nr="6">
      <executecount>0</executecount>
      <aqet>0.0</aqet>
    </query>
    <query nr="7">
      <executecount>40</executecount>
      <aqet>0.009201</aqet>
      <aqetg>0.006157</aqetg>
      <qps>108.68</qps>
      <minqet>0.00276023</minqet>
      <maxqet>0.07800242</maxqet>
      <avgresults>9.38</avgresults>
      <minresults>1</minresults>
      <maxresults>20</maxresults>
      <timeoutcount>0</timeoutcount>
    </query>
    <query nr="8">
      <executecount>20</executecount>
      <aqet>0.004359</aqet>
      <aqetg>0.004195</aqetg>
      <qps>229.39</qps>
      <minqet>0.00246322</minqet>
      <maxqet>0.00816997</maxqet>
      <avgresults>5.05</avgresults>
      <minresults>1</minresults>
      <maxresults>10</maxresults>
      <timeoutcount>0</timeoutcount>
    </query>
    <query nr="9">
      <executecount>40</executecount>
      <aqet>0.001922</aqet>
      <aqetg>0.001705</aqetg>
      <qps>520.18</qps>
      <minqet>0.00118102</minqet>
      <maxqet>0.01326911</maxqet>
      <avgresults>629.48</avgresults>
      <minresults>622</minresults>
      <maxresults>636</maxresults>
      <timeoutcount>0</timeoutcount>
    </query>
    <query nr="10">
      <executecount>20</executecount>
      <aqet>0.002887</aqet>
      <aqetg>0.002831</aqetg>
      <qps>346.41</qps>
      <minqet>0.00185066</minqet>
      <maxqet>0.00395520</maxqet>
      <avgresults>2.80</avgresults>
      <minresults>0</minresults>
      <maxresults>8</maxresults>
      <timeoutcount>0</timeoutcount>
    </query>
    <query nr="11">
      <executecount>10</executecount>
      <aqet>0.010124</aqet>
      <aqetg>0.005511</aqetg>
      <qps>98.78</qps>
      <minqet>0.00250418</minqet>
      <maxqet>0.04705567</maxqet>
      <avgresults>10.00</avgresults>
      <minresults>10</minresults>
      <maxresults>10</maxresults>
      <timeoutcount>0</timeoutcount>
    </query>
    <query nr="12">
      <executecount>10</executecount>
      <aqet>0.002637</aqet>
      <aqetg>0.002588</aqetg>
      <qps>379.16</qps>
      <minqet>0.00199199</minqet>
      <maxqet>0.00362444</maxqet>
      <avgresults>1120.20</avgresults>
      <minresults>1105</minresults>
      <maxresults>1138</maxresults>
      <timeoutcount>0</timeoutcount>
    </query>
  </queries>
</bsbm>
