<?xml version="1.0"?><bsbm>
  <querymix>
     <scalefactor>10000</scalefactor>
     <warmups>5</warmups>
     <seed>9834533</seed>
     <querymixruns>10</querymixruns>
     <minquerymixruntime>2.2562</minquerymixruntime>
     <maxquerymixruntime>2.9766</maxquerymixruntime>
     <totalruntime>25.617</totalruntime>
     <qmph>1405.30</qmph>
     <cqet>2.56173</cqet>
     <cqetg>2.55127</cqetg>
  </querymix>
  <queries>
    <query nr="1">
      <executecount>10</executecount>
      <aqet>0.020519</aqet>
      <aqetg>0.016694</aqetg>
      <qps>48.73</qps>
      <minqet>0.00941008</minqet>
      <maxqet>0.05194169</maxqet>
      <avgresults>1.30</avgresults>
      <minresults>0</minresults>
      <maxresults>5</maxresults>
      <timeoutcount>0</timeoutcount>
    </query>
    <query nr="2">
      <executecount>60</executecount>
      <aqet>0.034900</aqet>
      <aqetg>0.029703</aqetg>
      <qps>28.65</qps>
      <minqet>0.01398410</minqet>
      <maxqet>0.08338283</maxqet>
      <avgresults>21.00</avgresults>
      <minresults>9</minresults>
      <maxresults>36</maxresults>
      <timeoutcount>0</timeoutcount>
    </query>
    <query nr="3">
      <executecount>10</executecount>
      <aqet>0.023509</aqet>
      <aqetg>0.018225</aqetg>
      <qps>42.54</qps>
      <minqet>0.00959791</minqet>
      <maxqet>0.06597038</maxqet>
      <avgresults>0.80</avgresults>
      <minresults>0</minresults>
      <maxresults>3</maxresults>
      <timeoutcount>0</timeoutcount>
    </query>
    <query nr="4">
      <executecount>10</executecount>
      <aqet>0.027194</aqet>
      <aqetg>0.022397</aqetg>
      <qps>36.77</qps>
      <minqet>0.01399339</minqet>
      <maxqet>0.06734024</maxqet>
      <avgresults>0.90</avgresults>
      <minresults>0</minresults>
      <maxresults>6</maxresults>
      <timeoutcount>0</timeoutcount>
    </query>
    <query nr="5">
      <executecount>20</executecount>
      <aqet>1.003963</aqet>
      <aqetg>0.988793</aqetg>
      <qps>1.00</qps>
      <minqet>0.67403771</minqet>
      <maxqet>1.52578116</maxqet>
      <avgresults>4.85</avgresults>
      <minresults>2</minresults>
      <maxresults>5</maxresults>
      <timeoutcount>0</timeoutcount>
    </query>
    <query nr="6">
      <executecount>0</executecount>
      <aqet>0.0</aqet>
    </query>
    <query nr="7">
      <executecount>40</executecount>
      <aqet>0.019967</aqet>
      <aqetg>0.019236</aqetg>
      <qps>50.08</qps>
      <minqet>0.01244505</minqet>
      <maxqet>0.04075330</maxqet>
      <avgresults>15.28</avgresults>
      <minresults>1</minresults>
      <maxresults>76</maxresults>
      <timeoutcount>0</timeoutcount>
    </query>
    <query nr="8">
      <executecount>20</executecount>
      <aqet>0.020542</aqet>
      <aqetg>0.018206</aqetg>
      <qps>48.68</qps>
      <minqet>0.01134394</minqet>
      <maxqet>0.04958730</maxqet>
      <avgresults>3.95</avgresults>
      <minresults>0</minresults>
      <maxresults>10</maxresults>
      <timeoutcount>0</timeoutcount>
    </query>
    <query nr="9">
      <executecount>40</executecount>
      <aqet>0.012210</aqet>
      <aqetg>0.007791</aqetg>
      <qps>81.90</qps>
      <minqet>0.00380595</minqet>
      <maxqet>0.06128505</maxqet>
      <avgresults>909.20</avgresults>
      <minresults>899</minresults>
      <maxresults>915</maxresults>
      <timeoutcount>0</timeoutcount>
    </query>
    <query nr="10">
      <executecount>20</executecount>
      <aqet>0.037120</aqet>
      <aqetg>0.026840</aqetg>
      <qps>26.94</qps>
      <minqet>0.00973997</minqet>
      <maxqet>0.07682659</maxqet>
      <avgresults>2.05</avgresults>
      <minresults>0</minresults>
      <maxresults>7</maxresults>
      <timeoutcount>0</timeoutcount>
    </query>
    <query nr="11">
      <executecount>10</executecount>
      <aqet>0.012919</aqet>
      <aqetg>0.012861</aqetg>
      <qps>77.41</qps>
      <minqet>0.01072031</minqet>
      <maxqet>0.01475333</maxqet>
      <avgresults>10.00</avgresults>
      <minresults>10</minresults>
      <maxresults>10</maxresults>
      <timeoutcount>0</timeoutcount>
    </query>
    <query nr="12">
      <executecount>10</executecount>
      <aqet>0.016228</aqet>
      <aqetg>0.013166</aqetg>
      <qps>61.62</qps>
      <minqet>0.00883140</minqet>
      <maxqet>0.06201462</maxqet>
      <avgresults>1433.00</avgresults>
      <minresults>1405</minresults>
      <maxresults>1452</maxresults>
      <timeoutcount>0</timeoutcount>
    </query>
  </queries>
</bsbm>
